parent,subcategory_slug,name,url
art-business,body-art,Body Art,https://www.finelib.com/business/art-business/body-art
art-business,cartoonists,Cartoonists,https://www.finelib.com/business/art-business/cartoonists
art-business,catalogue-design,Catalogue Design,https://www.finelib.com/business/art-business/catalogue-design
art-business,copywriters,Copywriters,https://www.finelib.com/business/art-business/copywriters
art-business,design-agencies,Design Agencies,https://www.finelib.com/business/art-business/design-agencies
art-business,photography,Photography,https://www.finelib.com/business/art-business/photography
automotive,car-battery,Car Battery,https://www.finelib.com/business/automotive/car-battery
automotive,car-dealers,Car Dealers,https://www.finelib.com/business/automotive/car-dealers
automotive,car-rentals,Car Rentals,https://www.finelib.com/business/automotive/car-rentals
automotive,car-wash,Car Wash,https://www.finelib.com/business/automotive/car-wash
automotive,driving-schools,Driving Schools,https://www.finelib.com/business/automotive/driving-schools
automotive,motor-cycle,Motor Cycle,https://www.finelib.com/business/automotive/motor-cycle
automotive,parts-and-supplies,Parts and Supplies,https://www.finelib.com/business/automotive/parts-and-supplies
automotive,tyres-and-tubes,Tyres and Tubes,https://www.finelib.com/business/automotive/tyres-and-tubes
automotive,used-cars,Used Cars,https://www.finelib.com/business/automotive/used-cars
beauty-care,barbing-salons,Barbing Salons,https://www.finelib.com/business/beauty-care/barbing-salons
beauty-care,bath-supplies,Bath Supplies,https://www.finelib.com/business/beauty-care/bath-supplies
beauty-care,beauty-centres,Beauty Centres,https://www.finelib.com/business/beauty-care/beauty-centres
beauty-care,beauty-schools,Beauty Schools,https://www.finelib.com/business/beauty-care/beauty-schools
beauty-care,breast-care,Breast Care,https://www.finelib.com/business/beauty-care/breast-care
beauty-care,cosmetics-stores,Cosmetics Stores,https://www.finelib.com/business/beauty-care/cosmetics-stores
beauty-care,eyelash-extensions,Eyelash Extensions,https://www.finelib.com/business/beauty-care/eyelash-extensions
beauty-care,facial-care,Facial Care,https://www.finelib.com/business/beauty-care/facial-care
beauty-care,hair-dressing-salon,Hair Dressing Salon,https://www.finelib.com/business/beauty-care/hair-dressing-salon
beauty-care,hair-supplies,Hair Supplies,https://www.finelib.com/business/beauty-care/hair-supplies
beauty-care,makeup-supplies,Makeup Supplies,https://www.finelib.com/business/beauty-care/makeup-supplies
beauty-care,manicure-and-pedicure,Manicure and Pedicure,https://www.finelib.com/business/beauty-care/manicure-and-pedicure
beauty-care,massage,Massage,https://www.finelib.com/business/beauty-care/massage
beauty-care,men-care-and-grooming-supplies,Men Care and Grooming Supplies,https://www.finelib.com/business/beauty-care/men-care-and-grooming-supplies
beauty-care,nail-salons,Nail Salons,https://www.finelib.com/business/beauty-care/nail-salons
beauty-care,natural-hair-care,Natural Hair Care,https://www.finelib.com/business/beauty-care/natural-hair-care
beauty-care,perfumes-and-fragrance,Perfumes and Fragrance,https://www.finelib.com/business/beauty-care/perfumes-and-fragrance
beauty-care,salon-equipment,Salon Equipment,https://www.finelib.com/business/beauty-care/salon-equipment
beauty-care,skin-care-products,Skin Care Products,https://www.finelib.com/business/beauty-care/skin-care-products
beauty-care,spa,Spa,https://www.finelib.com/business/beauty-care/spa
beauty-care,waxing,Waxing,https://www.finelib.com/business/beauty-care/waxing
beauty-care,weaveon-and-attachments,Weaveon and Attachments,https://www.finelib.com/business/beauty-care/weaveon-and-attachments
business-services,business-advisors,Business Advisors,https://www.finelib.com/business/business-services/business-advisors
business-services,business-centers,Business Centers,https://www.finelib.com/business/business-services/business-centers
business-services,business-consultants,Business Consultants,https://www.finelib.com/business/business-services/business-consultants
business-services,business-developers,Business Developers,https://www.finelib.com/business/business-services/business-developers
business-services,business-funding-services,Business Funding Services,https://www.finelib.com/business/business-services/business-funding-services
business-services,business-idea-resources,Business Idea Resources,https://www.finelib.com/business/business-services/business-idea-resources
business-services,business-loan-providers,Business Loan Providers,https://www.finelib.com/business/business-services/business-loan-providers
business-services,business-management,Business Management,https://www.finelib.com/business/business-services/business-management
business-services,business-networking-services,Business Networking Services,https://www.finelib.com/business/business-services/business-networking-services
business-services,business-planning-services,Business Planning Services,https://www.finelib.com/business/business-services/business-planning-services
business-services,business-sales-agents,Business Sales Agents,https://www.finelib.com/business/business-services/business-sales-agents
business-services,business-sales-services,Business Sales Services,https://www.finelib.com/business/business-services/business-sales-services
business-services,business-support-services,Business Support Services,https://www.finelib.com/business/business-services/business-support-services
business-services,company-formation-experts,Company Formation Experts,https://www.finelib.com/business/business-services/company-formation-experts
business-services,copying,Copying,https://www.finelib.com/business/business-services/copying
business-services,corporate-entertainment,Corporate Entertainment,https://www.finelib.com/business/business-services/corporate-entertainment
business-services,corporate-research-companies,Corporate Research Companies,https://www.finelib.com/business/business-services/corporate-research-companies
business-services,corporate-training,Corporate Training,https://www.finelib.com/business/business-services/corporate-training
business-services,customer-survey-providers,Customer Survey Providers,https://www.finelib.com/business/business-services/customer-survey-providers
business-services,data-services,Data Services,https://www.finelib.com/business/business-services/data-services
business-services,entrepreneurs,Entrepreneurs,https://www.finelib.com/business/business-services/entrepreneurs
business-services,franchise-opportunities,Franchise Opportunities,https://www.finelib.com/business/business-services/franchise-opportunities
business-services,hire-purchases,Hire Purchases,https://www.finelib.com/business/business-services/hire-purchases
business-services,language-translation-services,Language Translation Services,https://www.finelib.com/business/business-services/language-translation-services
business-services,merchandising-suppliers,Merchandising Suppliers,https://www.finelib.com/business/business-services/merchandising-suppliers
business-services,office-services-companies,Office Services Companies,https://www.finelib.com/business/business-services/office-services-companies
business-services,printing-services,Printing Services,https://www.finelib.com/business/business-services/printing-services
business-services,secretarial-services,Secretarial Services,https://www.finelib.com/business/business-services/secretarial-services
business-services,staff-training-companies,Staff Training Companies,https://www.finelib.com/business/business-services/staff-training-companies
business-services,stamping-and-engraving,Stamping and Engraving,https://www.finelib.com/business/business-services/stamping-and-engraving
business-services,team-building,Team Building,https://www.finelib.com/business/business-services/team-building
business-services,tender-services,Tender Services,https://www.finelib.com/business/business-services/tender-services
chemical-service,chemical-manufacturers,Chemical Manufacturers,https://www.finelib.com/business/chemical-service/chemical-manufacturers
chemical-service,chemical-suppliers,Chemical Suppliers,https://www.finelib.com/business/chemical-service/chemical-suppliers
chemical-service,petrochemicals,Petrochemicals,https://www.finelib.com/business/chemical-service/petrochemicals
cleaning-services,cleaning-equipment,Cleaning Equipment,https://www.finelib.com/business/cleaning-services/cleaning-equipment
cleaning-services,commercial-cleaning,Commercial Cleaning,https://www.finelib.com/business/cleaning-services/commercial-cleaning
cleaning-services,environmental-cleaning,Environmental Cleaning,https://www.finelib.com/business/cleaning-services/environmental-cleaning
cleaning-services,janitorial-services,Janitorial Services,https://www.finelib.com/business/cleaning-services/janitorial-services
cleaning-services,laundry-and-drycleaning-services,Laundry and Drycleaning Services,https://www.finelib.com/business/cleaning-services/laundry-and-drycleaning-services
cleaning-services,residential-cleaning,Residential Cleaning,https://www.finelib.com/business/cleaning-services/residential-cleaning
cleaning-services,retail-and-shop-cleaning-companies,Retail and Shop Cleaning Companies,https://www.finelib.com/business/cleaning-services/retail-and-shop-cleaning-companies
clothing,babies-wears,Babies Wears,https://www.finelib.com/business/clothing/babies-wears
clothing,boxers-and-briefs,Boxers and Briefs,https://www.finelib.com/business/clothing/boxers-and-briefs
clothing,bridal-accessories,Bridal Accessories,https://www.finelib.com/business/clothing/bridal-accessories
clothing,children-clothes,Children Clothes,https://www.finelib.com/business/clothing/children-clothes
clothing,clothing-accessories,Clothing Accessories,https://www.finelib.com/business/clothing/clothing-accessories
clothing,clothing-alteration,Clothing Alteration,https://www.finelib.com/business/clothing/clothing-alteration
clothing,clothing-boutiques,Clothing Boutiques,https://www.finelib.com/business/clothing/clothing-boutiques
clothing,clothing-equipment,Clothing Equipment,https://www.finelib.com/business/clothing/clothing-equipment
clothing,clothing-merchants,Clothing Merchants,https://www.finelib.com/business/clothing/clothing-merchants
clothing,costumes,Costumes,https://www.finelib.com/business/clothing/costumes
clothing,dry-cleaners-and-laundry,Dry Cleaners and Laundry,https://www.finelib.com/business/clothing/dry-cleaners-and-laundry
clothing,fabric-designers,Fabric Designers,https://www.finelib.com/business/clothing/fabric-designers
clothing,fashion-designers,Fashion Designers,https://www.finelib.com/business/clothing/fashion-designers
clothing,fashion-schools,Fashion Schools,https://www.finelib.com/business/clothing/fashion-schools
clothing,jewelleries,Jewelleries,https://www.finelib.com/business/clothing/jewelleries
clothing,leather-wears,Leather Wears,https://www.finelib.com/business/clothing/leather-wears
clothing,lingerie,Lingerie,https://www.finelib.com/business/clothing/lingerie
clothing,modeling-agencies,Modeling Agencies,https://www.finelib.com/business/clothing/modeling-agencies
clothing,polo-and-t_shirt,Polo and T-Shirt,https://www.finelib.com/business/clothing/polo-and-t_shirt
clothing,sewing-machine-dealers,Sewing Machine Dealers,https://www.finelib.com/business/clothing/sewing-machine-dealers
clothing,shoes,Shoes,https://www.finelib.com/business/clothing/shoes
clothing,sunglasses,Sunglasses,https://www.finelib.com/business/clothing/sunglasses
clothing,swimming-trunks,Swimming Trunks,https://www.finelib.com/business/clothing/swimming-trunks
clothing,textiles-and-fabrics,Textiles and Fabrics,https://www.finelib.com/business/clothing/textiles-and-fabrics
clothing,uniforms-and-work-wears,Uniforms and Work Wears,https://www.finelib.com/business/clothing/uniforms-and-work-wears
construction,architects,Architects,https://www.finelib.com/business/construction/architects
construction,associations-and-bodies,Associations and Bodies,https://www.finelib.com/business/construction/associations-and-bodies
construction,brick-and-tiles,Brick and Tiles,https://www.finelib.com/business/construction/brick-and-tiles
construction,building-construction,Building Construction,https://www.finelib.com/business/construction/building-construction
construction,cement,Cement,https://www.finelib.com/business/construction/cement
construction,concrete,Concrete,https://www.finelib.com/business/construction/concrete
construction,construction-equipment,Construction Equipment,https://www.finelib.com/business/construction/construction-equipment
construction,construction-quality-control,Construction Quality Control,https://www.finelib.com/business/construction/construction-quality-control
construction,contractors,Contractors,https://www.finelib.com/business/construction/contractors
construction,doors-and-window-services,Doors and Window Services,https://www.finelib.com/business/construction/doors-and-window-services
construction,road-construction,Road Construction,https://www.finelib.com/business/construction/road-construction
electrical-services,air-conditioning,Air Conditioning,https://www.finelib.com/business/electrical-services/air-conditioning
electrical-services,electrical-cables,Electrical Cables,https://www.finelib.com/business/electrical-services/electrical-cables
electrical-services,electrical-engineers,Electrical Engineers,https://www.finelib.com/business/electrical-services/electrical-engineers
electrical-services,electrical-generators,Electrical Generators,https://www.finelib.com/business/electrical-services/electrical-generators
electrical-services,electrical-repairs,Electrical Repairs,https://www.finelib.com/business/electrical-services/electrical-repairs
electrical-services,electrical-spare-parts,Electrical Spare Parts,https://www.finelib.com/business/electrical-services/electrical-spare-parts
electrical-services,electrical-supplies,Electrical Supplies,https://www.finelib.com/business/electrical-services/electrical-supplies
electrical-services,electronics-dealers,Electronics Dealers,https://www.finelib.com/business/electrical-services/electronics-dealers
electrical-services,used-electrical-equipment,Used Electrical Equipment,https://www.finelib.com/business/electrical-services/used-electrical-equipment
energy,alternative-energy,Alternative Energy,https://www.finelib.com/business/energy/alternative-energy
energy,electric-power-utilities,Electric Power Utilities,https://www.finelib.com/business/energy/electric-power-utilities
energy,energy-associations,Energy Associations,https://www.finelib.com/business/energy/energy-associations
energy,energy-trading,Energy Trading,https://www.finelib.com/business/energy/energy-trading
energy,oil-and-gas,Oil and Gas,https://www.finelib.com/business/energy/oil-and-gas
energy,recycling,Recycling,https://www.finelib.com/business/energy/recycling
energy,waste-management,Waste Management,https://www.finelib.com/business/energy/waste-management
engineering-companies,civil-and-structural-engineering,Civil and Structural Engineering,https://www.finelib.com/business/engineering-companies/civil-and-structural-engineering
engineering-companies,engineering-associations,Engineering Associations,https://www.finelib.com/business/engineering-companies/engineering-associations
engineering-companies,engineering-automation,Engineering Automation,https://www.finelib.com/business/engineering-companies/engineering-automation
engineering-companies,engineering-consultancy,Engineering Consultancy,https://www.finelib.com/business/engineering-companies/engineering-consultancy
engineering-companies,engineering-institutes,Engineering Institutes,https://www.finelib.com/business/engineering-companies/engineering-institutes
engineering-companies,environmental-engineering,Environmental Engineering,https://www.finelib.com/business/engineering-companies/environmental-engineering
entertainment,bars,Bars,https://www.finelib.com/business/entertainment/bars
entertainment,comedians,Comedians,https://www.finelib.com/business/entertainment/comedians
entertainment,films-and-movies,Films and Movies,https://www.finelib.com/business/entertainment/films-and-movies
entertainment,music,Music,https://www.finelib.com/business/entertainment/music
entertainment,night-clubs,Night Clubs,https://www.finelib.com/business/entertainment/night-clubs
environmental-services,pollution-control,Pollution Control,https://www.finelib.com/business/environmental-services/pollution-control
exporters,agro-allied-products,Agro Allied Products,https://www.finelib.com/business/exporters/agro-allied-products
exporters,beverages,Beverages,https://www.finelib.com/business/exporters/beverages
exporters,cosmetics,Cosmetics,https://www.finelib.com/business/exporters/cosmetics
exporters,crude-oil,Crude Oil,https://www.finelib.com/business/exporters/crude-oil
exporters,frozen-foods,Frozen Foods,https://www.finelib.com/business/exporters/frozen-foods
exporters,plastics,Plastics,https://www.finelib.com/business/exporters/plastics
exporters,solid-minerals,Solid Minerals,https://www.finelib.com/business/exporters/solid-minerals
exporters,textiles,Textiles,https://www.finelib.com/business/exporters/textiles
finance,accounting,Accounting,https://www.finelib.com/business/finance/accounting
finance,asset-management,Asset Management,https://www.finelib.com/business/finance/asset-management
finance,auditors,Auditors,https://www.finelib.com/business/finance/auditors
finance,banks,Banks,https://www.finelib.com/business/finance/banks
finance,bureau-de-change,Bureau De Change,https://www.finelib.com/business/finance/bureau-de-change
finance,financial-associations,Financial Associations,https://www.finelib.com/business/finance/financial-associations
finance,financial-consultants,Financial Consultants,https://www.finelib.com/business/finance/financial-consultants
finance,financial-products,Financial Products,https://www.finelib.com/business/finance/financial-products
finance,insurance-companies,Insurance Companies,https://www.finelib.com/business/finance/insurance-companies
finance,investment-services,Investment Services,https://www.finelib.com/business/finance/investment-services
finance,loans,Loans,https://www.finelib.com/business/finance/loans
finance,micro-finance,Micro Finance,https://www.finelib.com/business/finance/micro-finance
finance,mortgage-services,Mortgage Services,https://www.finelib.com/business/finance/mortgage-services
finance,online-payment,Online Payment,https://www.finelib.com/business/finance/online-payment
finance,payroll-services,Payroll Services,https://www.finelib.com/business/finance/payroll-services
finance,pension-management,Pension Management,https://www.finelib.com/business/finance/pension-management
finance,stock-exchange,Stock Exchange,https://www.finelib.com/business/finance/stock-exchange
fire-services,fire-equipment-suppliers,Fire Equipment Suppliers,https://www.finelib.com/business/fire-services/fire-equipment-suppliers
fire-services,fire-extinguishers,Fire Extinguishers,https://www.finelib.com/business/fire-services/fire-extinguishers
fire-services,fire-protection-services,Fire Protection Services,https://www.finelib.com/business/fire-services/fire-protection-services
fire-services,fire-risk-assessment-companies,Fire Risk Assessment Companies,https://www.finelib.com/business/fire-services/fire-risk-assessment-companies
fire-services,fire-safety-consultants,Fire Safety Consultants,https://www.finelib.com/business/fire-services/fire-safety-consultants
fire-services,fire-safety-training-companies,Fire Safety Training Companies,https://www.finelib.com/business/fire-services/fire-safety-training-companies
food,bakery,Bakery,https://www.finelib.com/business/food/bakery
food,beverage,Beverage,https://www.finelib.com/business/food/beverage
food,bottled-water,Bottled Water,https://www.finelib.com/business/food/bottled-water
food,catering-services,Catering Services,https://www.finelib.com/business/food/catering-services
food,chefs,Chefs,https://www.finelib.com/business/food/chefs
food,confectioneries,Confectioneries,https://www.finelib.com/business/food/confectioneries
food,flour-mills,Flour Mills,https://www.finelib.com/business/food/flour-mills
food,food-distribution,Food Distribution,https://www.finelib.com/business/food/food-distribution
food,food-packing-and-bottling,Food Packing and Bottling,https://www.finelib.com/business/food/food-packing-and-bottling
food,food-processing,Food Processing,https://www.finelib.com/business/food/food-processing
food,food-stores,Food Stores,https://www.finelib.com/business/food/food-stores
food,food-and-beverage-machinery,Food and Beverage Machinery,https://www.finelib.com/business/food/food-and-beverage-machinery
food,fruit-drinks,Fruit Drinks,https://www.finelib.com/business/food/fruit-drinks
food,meat-and-poultry,Meat and Poultry,https://www.finelib.com/business/food/meat-and-poultry
food,milk-and-dairy-products,Milk and Dairy Products,https://www.finelib.com/business/food/milk-and-dairy-products
food,nigerian-foodstuffs,Nigerian Foodstuffs,https://www.finelib.com/business/food/nigerian-foodstuffs
food,restaurants,Restaurants,https://www.finelib.com/business/food/restaurants
food,seafood,Seafood,https://www.finelib.com/business/food/seafood
food,snacks,Snacks,https://www.finelib.com/business/food/snacks
food,tobacco,Tobacco,https://www.finelib.com/business/food/tobacco
food,water-companies,Water Companies,https://www.finelib.com/business/food/water-companies
healthcare,baby-care,Baby Care,https://www.finelib.com/business/healthcare/baby-care
healthcare,feminine-hygiene,Feminine Hygiene,https://www.finelib.com/business/healthcare/feminine-hygiene
healthcare,fitness,Fitness,https://www.finelib.com/business/healthcare/fitness
healthcare,medical-bookkeeping-companies,Medical Bookkeeping Companies,https://www.finelib.com/business/healthcare/medical-bookkeeping-companies
healthcare,medical-equipment,Medical Equipment,https://www.finelib.com/business/healthcare/medical-equipment
healthcare,nutritional-supplements,Nutritional Supplements,https://www.finelib.com/business/healthcare/nutritional-supplements
healthcare,pharmaceuticals,Pharmaceuticals,https://www.finelib.com/business/healthcare/pharmaceuticals
healthcare,pharmacies,Pharmacies,https://www.finelib.com/business/healthcare/pharmacies
healthcare,sanitary-paper,Sanitary Paper,https://www.finelib.com/business/healthcare/sanitary-paper
home-and-living,beds-and-bedding,Beds and Bedding,https://www.finelib.com/business/home-and-living/beds-and-bedding
home-and-living,carpets-and-rugs,Carpets and Rugs,https://www.finelib.com/business/home-and-living/carpets-and-rugs
home-and-living,foams-and-mattresses,Foams and Mattresses,https://www.finelib.com/business/home-and-living/foams-and-mattresses
home-and-living,fumigation-and-pest-control,Fumigation and Pest Control,https://www.finelib.com/business/home-and-living/fumigation-and-pest-control
home-and-living,furniture,Furniture,https://www.finelib.com/business/home-and-living/furniture
home-and-living,garden-supplies,Garden Supplies,https://www.finelib.com/business/home-and-living/garden-supplies
home-and-living,handymen,Handymen,https://www.finelib.com/business/home-and-living/handymen
home-and-living,home-appliance,Home Appliance,https://www.finelib.com/business/home-and-living/home-appliance
home-and-living,home-automation,Home Automation,https://www.finelib.com/business/home-and-living/home-automation
home-and-living,home-electronics,Home Electronics,https://www.finelib.com/business/home-and-living/home-electronics
home-and-living,home-repairs,Home Repairs,https://www.finelib.com/business/home-and-living/home-repairs
home-and-living,interior-decorators,Interior Decorators,https://www.finelib.com/business/home-and-living/interior-decorators
home-and-living,interior-decors,Interior Decors,https://www.finelib.com/business/home-and-living/interior-decors
home-and-living,kitchenware,Kitchenware,https://www.finelib.com/business/home-and-living/kitchenware
home-and-living,landscape,Landscape,https://www.finelib.com/business/home-and-living/landscape
home-and-living,lawns-specialist,Lawns Specialist,https://www.finelib.com/business/home-and-living/lawns-specialist
home-and-living,lightings-and-fittings,Lightings and Fittings,https://www.finelib.com/business/home-and-living/lightings-and-fittings
home-and-living,sewage-treatment,Sewage Treatment,https://www.finelib.com/business/home-and-living/sewage-treatment
home-and-living,swimming-pool-design,Swimming Pool Design,https://www.finelib.com/business/home-and-living/swimming-pool-design
home-and-living,windows,Windows,https://www.finelib.com/business/home-and-living/windows
human-resources,cv-writing-services,CV Writing Services,https://www.finelib.com/business/human-resources/cv-writing-services
human-resources,career-coaching-providers,Career Coaching Providers,https://www.finelib.com/business/human-resources/career-coaching-providers
human-resources,career-management-and-planning,Career Management and Planning,https://www.finelib.com/business/human-resources/career-management-and-planning
human-resources,careers-advisors,Careers Advisors,https://www.finelib.com/business/human-resources/careers-advisors
human-resources,criminal-records-check-service,Criminal Records Check Service,https://www.finelib.com/business/human-resources/criminal-records-check-service
human-resources,customer-services-companies,Customer Services Companies,https://www.finelib.com/business/human-resources/customer-services-companies
human-resources,disclosure-services,Disclosure Services,https://www.finelib.com/business/human-resources/disclosure-services
human-resources,employee-relocation-advisors,Employee Relocation Advisors,https://www.finelib.com/business/human-resources/employee-relocation-advisors
human-resources,employee-survey-providers,Employee Survey Providers,https://www.finelib.com/business/human-resources/employee-survey-providers
human-resources,employment-training-providers,Employment Training Providers,https://www.finelib.com/business/human-resources/employment-training-providers
human-resources,hr-consultants,HR Consultants,https://www.finelib.com/business/human-resources/hr-consultants
human-resources,hr-investigations-companies,HR Investigations Companies,https://www.finelib.com/business/human-resources/hr-investigations-companies
human-resources,hr-outsourcing-companies,HR Outsourcing Companies,https://www.finelib.com/business/human-resources/hr-outsourcing-companies
human-resources,handwriting-analysts,Handwriting Analysts,https://www.finelib.com/business/human-resources/handwriting-analysts
human-resources,headhunters,Headhunters,https://www.finelib.com/business/human-resources/headhunters
human-resources,human-resource-software-design,Human Resource Software Design,https://www.finelib.com/business/human-resources/human-resource-software-design
human-resources,human-resources-associations,Human Resources Associations,https://www.finelib.com/business/human-resources/human-resources-associations
human-resources,immigration-services,Immigration Services,https://www.finelib.com/business/human-resources/immigration-services
human-resources,pre_employment-screening-services,Pre-Employment Screening Services,https://www.finelib.com/business/human-resources/pre_employment-screening-services
human-resources,psychometric-testing,Psychometric Testing,https://www.finelib.com/business/human-resources/psychometric-testing
human-resources,quality-control-companies,Quality Control Companies,https://www.finelib.com/business/human-resources/quality-control-companies
human-resources,surveillance-services,Surveillance Services,https://www.finelib.com/business/human-resources/surveillance-services
human-resources,talent-management,Talent Management,https://www.finelib.com/business/human-resources/talent-management
human-resources,workforce-management-consultancy,Workforce Management Consultancy,https://www.finelib.com/business/human-resources/workforce-management-consultancy
industrial-services,industrial-coating,Industrial Coating,https://www.finelib.com/business/industrial-services/industrial-coating
industrial-services,industrial-equipment,Industrial Equipment,https://www.finelib.com/business/industrial-services/industrial-equipment
industrial-services,industrial-spare-parts,Industrial Spare Parts,https://www.finelib.com/business/industrial-services/industrial-spare-parts
industrial-services,material-handling,Material Handling,https://www.finelib.com/business/industrial-services/material-handling
industrial-services,sandblasting,Sandblasting,https://www.finelib.com/business/industrial-services/sandblasting
industrial-services,steel-erection,Steel Erection,https://www.finelib.com/business/industrial-services/steel-erection
manufacturing-industries,abrasive-product,Abrasive Product,https://www.finelib.com/business/manufacturing-industries/abrasive-product
manufacturing-industries,acoustic-product,Acoustic Product,https://www.finelib.com/business/manufacturing-industries/acoustic-product
manufacturing-industries,adhesive-product,Adhesive Product,https://www.finelib.com/business/manufacturing-industries/adhesive-product
manufacturing-industries,aluminum-producers,Aluminum Producers,https://www.finelib.com/business/manufacturing-industries/aluminum-producers
manufacturing-industries,apparel-manufacturing,Apparel Manufacturing,https://www.finelib.com/business/manufacturing-industries/apparel-manufacturing
manufacturing-industries,asbestos-manufacturers,Asbestos Manufacturers,https://www.finelib.com/business/manufacturing-industries/asbestos-manufacturers
manufacturing-industries,automobile,Automobile,https://www.finelib.com/business/manufacturing-industries/automobile
manufacturing-industries,baby-products,Baby Products,https://www.finelib.com/business/manufacturing-industries/baby-products
manufacturing-industries,battery,Battery,https://www.finelib.com/business/manufacturing-industries/battery
manufacturing-industries,beverage-manufacturing,Beverage Manufacturing,https://www.finelib.com/business/manufacturing-industries/beverage-manufacturing
manufacturing-industries,blacksmiths,Blacksmiths,https://www.finelib.com/business/manufacturing-industries/blacksmiths
manufacturing-industries,boat-and-ship,Boat and Ship,https://www.finelib.com/business/manufacturing-industries/boat-and-ship
manufacturing-industries,bottle-manufacturing,Bottle Manufacturing,https://www.finelib.com/business/manufacturing-industries/bottle-manufacturing
manufacturing-industries,chemical-manufacturers,Chemical Manufacturers,https://www.finelib.com/business/manufacturing-industries/chemical-manufacturers
manufacturing-industries,computer-products,Computer Products,https://www.finelib.com/business/manufacturing-industries/computer-products
manufacturing-industries,cosmetics-manufacturing,Cosmetics Manufacturing,https://www.finelib.com/business/manufacturing-industries/cosmetics-manufacturing
manufacturing-industries,dairy-product,Dairy Product,https://www.finelib.com/business/manufacturing-industries/dairy-product
manufacturing-industries,distilled-water,Distilled Water,https://www.finelib.com/business/manufacturing-industries/distilled-water
manufacturing-industries,electrical-equipment,Electrical Equipment,https://www.finelib.com/business/manufacturing-industries/electrical-equipment
manufacturing-industries,foam-manufacturing,Foam Manufacturing,https://www.finelib.com/business/manufacturing-industries/foam-manufacturing
manufacturing-industries,food-industry,Food Industry,https://www.finelib.com/business/manufacturing-industries/food-industry
manufacturing-industries,furniture-makers,Furniture Makers,https://www.finelib.com/business/manufacturing-industries/furniture-makers
manufacturing-industries,healthcare-products,Healthcare Products,https://www.finelib.com/business/manufacturing-industries/healthcare-products
manufacturing-industries,herbal-products,Herbal Products,https://www.finelib.com/business/manufacturing-industries/herbal-products
manufacturing-industries,household-products,Household Products,https://www.finelib.com/business/manufacturing-industries/household-products
manufacturing-industries,industrial-machinery,Industrial Machinery,https://www.finelib.com/business/manufacturing-industries/industrial-machinery
manufacturing-industries,industrial-supplies,Industrial Supplies,https://www.finelib.com/business/manufacturing-industries/industrial-supplies
manufacturing-industries,jewelry-manufacturing,Jewelry Manufacturing,https://www.finelib.com/business/manufacturing-industries/jewelry-manufacturing
manufacturing-industries,leather-products,Leather Products,https://www.finelib.com/business/manufacturing-industries/leather-products
manufacturing-industries,medical-products,Medical Products,https://www.finelib.com/business/manufacturing-industries/medical-products
manufacturing-industries,metals-manufacturing,Metals Manufacturing,https://www.finelib.com/business/manufacturing-industries/metals-manufacturing
manufacturing-industries,oil-and-gas-refineries,Oil and Gas Refineries,https://www.finelib.com/business/manufacturing-industries/oil-and-gas-refineries
manufacturing-industries,personal-hygiene,Personal Hygiene,https://www.finelib.com/business/manufacturing-industries/personal-hygiene
manufacturing-industries,plastic-product,Plastic Product,https://www.finelib.com/business/manufacturing-industries/plastic-product
manufacturing-industries,printing-products,Printing Products,https://www.finelib.com/business/manufacturing-industries/printing-products
manufacturing-industries,salt-manufacturers,Salt Manufacturers,https://www.finelib.com/business/manufacturing-industries/salt-manufacturers
manufacturing-industries,sawmills-and-timber-industries,Sawmills and Timber Industries,https://www.finelib.com/business/manufacturing-industries/sawmills-and-timber-industries
manufacturing-industries,security-locks,Security Locks,https://www.finelib.com/business/manufacturing-industries/security-locks
manufacturing-industries,shoe-manufacturers,Shoe Manufacturers,https://www.finelib.com/business/manufacturing-industries/shoe-manufacturers
manufacturing-industries,stationary-manufacturing,Stationary Manufacturing,https://www.finelib.com/business/manufacturing-industries/stationary-manufacturing
manufacturing-industries,steel-industries,Steel Industries,https://www.finelib.com/business/manufacturing-industries/steel-industries
manufacturing-industries,sugar-manufacturers,Sugar Manufacturers,https://www.finelib.com/business/manufacturing-industries/sugar-manufacturers
manufacturing-industries,tarpaulin-manufacturers,Tarpaulin Manufacturers,https://www.finelib.com/business/manufacturing-industries/tarpaulin-manufacturers
manufacturing-industries,telecom-products,Telecom Products,https://www.finelib.com/business/manufacturing-industries/telecom-products
manufacturing-industries,tent-makers,Tent Makers,https://www.finelib.com/business/manufacturing-industries/tent-makers
manufacturing-industries,textile-manufacturing,Textile Manufacturing,https://www.finelib.com/business/manufacturing-industries/textile-manufacturing
manufacturing-industries,textile-mills,Textile Mills,https://www.finelib.com/business/manufacturing-industries/textile-mills
marketing-companies,advertisement-companies,Advertisement Companies,https://www.finelib.com/business/marketing-companies/advertisement-companies
marketing-companies,affiliate-marketing-companies,Affiliate Marketing Companies,https://www.finelib.com/business/marketing-companies/affiliate-marketing-companies
marketing-companies,billboards,Billboards,https://www.finelib.com/business/marketing-companies/billboards
marketing-companies,branding,Branding,https://www.finelib.com/business/marketing-companies/branding
marketing-companies,direct-marketing-agencies,Direct Marketing Agencies,https://www.finelib.com/business/marketing-companies/direct-marketing-agencies
marketing-companies,event-marketing-companies,Event Marketing Companies,https://www.finelib.com/business/marketing-companies/event-marketing-companies
marketing-companies,field-marketing-specialists,Field Marketing Specialists,https://www.finelib.com/business/marketing-companies/field-marketing-specialists
marketing-companies,international-marketing-agencies,International Marketing Agencies,https://www.finelib.com/business/marketing-companies/international-marketing-agencies
marketing-companies,internet-marketing-agencies,Internet Marketing Agencies,https://www.finelib.com/business/marketing-companies/internet-marketing-agencies
marketing-companies,localisation-companies,Localisation Companies,https://www.finelib.com/business/marketing-companies/localisation-companies
marketing-companies,market-research-and-development,Market Research and Development,https://www.finelib.com/business/marketing-companies/market-research-and-development
marketing-companies,market-segmentation-and-target,Market Segmentation and Target,https://www.finelib.com/business/marketing-companies/market-segmentation-and-target
marketing-companies,marketing-consultants,Marketing Consultants,https://www.finelib.com/business/marketing-companies/marketing-consultants
marketing-companies,media-marketing-agencies,Media Marketing Agencies,https://www.finelib.com/business/marketing-companies/media-marketing-agencies
marketing-companies,mobile-marketing-services,Mobile Marketing Services,https://www.finelib.com/business/marketing-companies/mobile-marketing-services
marketing-companies,promotional-agencies,Promotional Agencies,https://www.finelib.com/business/marketing-companies/promotional-agencies
marketing-companies,public-relations,Public Relations,https://www.finelib.com/business/marketing-companies/public-relations
marketing-companies,sms-marketing-agencies,SMS Marketing Agencies,https://www.finelib.com/business/marketing-companies/sms-marketing-agencies
marketing-companies,sales-promotion-agencies,Sales Promotion Agencies,https://www.finelib.com/business/marketing-companies/sales-promotion-agencies
marketing-companies,signage,Signage,https://www.finelib.com/business/marketing-companies/signage
marketing-companies,sports-marketing-specialists,Sports Marketing Specialists,https://www.finelib.com/business/marketing-companies/sports-marketing-specialists
marketing-companies,student-marketing-services,Student Marketing Services,https://www.finelib.com/business/marketing-companies/student-marketing-services
marketing-companies,telemarketing-companies,Telemarketing Companies,https://www.finelib.com/business/marketing-companies/telemarketing-companies
marketing-companies,viral-marketing-designers,Viral Marketing Designers,https://www.finelib.com/business/marketing-companies/viral-marketing-designers
metal-services,pipe-and-metal-coating,Pipe and Metal Coating,https://www.finelib.com/business/metal-services/pipe-and-metal-coating
metal-services,scrap-metal,Scrap Metal,https://www.finelib.com/business/metal-services/scrap-metal
metal-services,welding,Welding,https://www.finelib.com/business/metal-services/welding
mining,-mineral-exploration,Mineral Exploration,https://www.finelib.com/business/mining/-mineral-exploration
mining,-mining-contractors,Mining Contractors,https://www.finelib.com/business/mining/-mining-contractors
mining,-mining-engineering,Mining Engineering,https://www.finelib.com/business/mining/-mining-engineering
mining,mining-associations-and-agencies,Mining Associations and Agencies,https://www.finelib.com/business/mining/mining-associations-and-agencies
mining,mining-equipment-and-tools,Mining Equipment and Tools,https://www.finelib.com/business/mining/mining-equipment-and-tools
packaging,packaging-machines,Packaging Machines,https://www.finelib.com/business/packaging/packaging-machines
packaging,packaging-supplies,Packaging Supplies,https://www.finelib.com/business/packaging/packaging-supplies
paper-companies,paper-production-machinery,Paper Production Machinery,https://www.finelib.com/business/paper-companies/paper-production-machinery
paper-companies,tissue-paper-manufacturing,Tissue Paper Manufacturing,https://www.finelib.com/business/paper-companies/tissue-paper-manufacturing
parties-and-events,awnings-and-canopies,Awnings and Canopies,https://www.finelib.com/business/parties-and-events/awnings-and-canopies
parties-and-events,cake-makers,Cake Makers,https://www.finelib.com/business/parties-and-events/cake-makers
parties-and-events,corporate-events,Corporate Events,https://www.finelib.com/business/parties-and-events/corporate-events
parties-and-events,event-decorators,Event Decorators,https://www.finelib.com/business/parties-and-events/event-decorators
parties-and-events,event-planners,Event Planners,https://www.finelib.com/business/parties-and-events/event-planners
parties-and-events,florist,Florist,https://www.finelib.com/business/parties-and-events/florist
parties-and-events,invitations,Invitations,https://www.finelib.com/business/parties-and-events/invitations
parties-and-events,marriage-agencies,Marriage Agencies,https://www.finelib.com/business/parties-and-events/marriage-agencies
parties-and-events,music-organizers,Music Organizers,https://www.finelib.com/business/parties-and-events/music-organizers
parties-and-events,party-rentals,Party Rentals,https://www.finelib.com/business/parties-and-events/party-rentals
parties-and-events,photographer,Photographer,https://www.finelib.com/business/parties-and-events/photographer
parties-and-events,reception-venues,Reception Venues,https://www.finelib.com/business/parties-and-events/reception-venues
parties-and-events,registrar-office,Registrar Office,https://www.finelib.com/business/parties-and-events/registrar-office
parties-and-events,videographer,Videographer,https://www.finelib.com/business/parties-and-events/videographer
parties-and-events,weddings,Weddings,https://www.finelib.com/business/parties-and-events/weddings
personal-development,leadership-training-courses,Leadership Training Courses,https://www.finelib.com/business/personal-development/leadership-training-courses
personal-development,learning-and-development-training,Learning and Development Training,https://www.finelib.com/business/personal-development/learning-and-development-training
personal-development,life-coach,Life Coach,https://www.finelib.com/business/personal-development/life-coach
personal-development,motivational-speakers,Motivational Speakers,https://www.finelib.com/business/personal-development/motivational-speakers
personal-development,public-speaking-training-companies,Public Speaking Training Companies,https://www.finelib.com/business/personal-development/public-speaking-training-companies
personal-development,voice-coaches,Voice Coaches,https://www.finelib.com/business/personal-development/voice-coaches
pets-and-animals,aquarium-and-pond-supplies,Aquarium and Pond Supplies,https://www.finelib.com/business/pets-and-animals/aquarium-and-pond-supplies
printing-and-publishing,3d-printing-services,3D Printing Services,https://www.finelib.com/business/printing-and-publishing/3d-printing-services
printing-and-publishing,banner-printing-companies,Banner Printing Companies,https://www.finelib.com/business/printing-and-publishing/banner-printing-companies
printing-and-publishing,business-forms-printers,Business Forms Printers,https://www.finelib.com/business/printing-and-publishing/business-forms-printers
printing-and-publishing,design-and-print-services,Design and Print Services,https://www.finelib.com/business/printing-and-publishing/design-and-print-services
printing-and-publishing,digital-printing-services,Digital Printing Services,https://www.finelib.com/business/printing-and-publishing/digital-printing-services
printing-and-publishing,plastic-printing-companies,Plastic Printing Companies,https://www.finelib.com/business/printing-and-publishing/plastic-printing-companies
printing-and-publishing,print-designers,Print Designers,https://www.finelib.com/business/printing-and-publishing/print-designers
printing-and-publishing,printing-engineers,Printing Engineers,https://www.finelib.com/business/printing-and-publishing/printing-engineers
printing-and-publishing,printing-machine,Printing Machine,https://www.finelib.com/business/printing-and-publishing/printing-machine
printing-and-publishing,printing-presses,Printing Presses,https://www.finelib.com/business/printing-and-publishing/printing-presses
printing-and-publishing,proofreaders,Proofreaders,https://www.finelib.com/business/printing-and-publishing/proofreaders
printing-and-publishing,reprographic-services,Reprographic Services,https://www.finelib.com/business/printing-and-publishing/reprographic-services
printing-and-publishing,rubber-stamp-suppliers,Rubber Stamp Suppliers,https://www.finelib.com/business/printing-and-publishing/rubber-stamp-suppliers
printing-and-publishing,t_shirt-printers,T-Shirt Printers,https://www.finelib.com/business/printing-and-publishing/t_shirt-printers
printing-and-publishing,typesetters,Typesetters,https://www.finelib.com/business/printing-and-publishing/typesetters
real-estate,agents-and-brokers,Agents and Brokers,https://www.finelib.com/business/real-estate/agents-and-brokers
real-estate,estate-surveyors,Estate Surveyors,https://www.finelib.com/business/real-estate/estate-surveyors
real-estate,facility-managers,Facility Managers,https://www.finelib.com/business/real-estate/facility-managers
real-estate,land-surveyors,Land Surveyors,https://www.finelib.com/business/real-estate/land-surveyors
real-estate,landscaping,Landscaping,https://www.finelib.com/business/real-estate/landscaping
real-estate,property-sign-erectors,Property Sign Erectors,https://www.finelib.com/business/real-estate/property-sign-erectors
real-estate,real-estate-developers,Real Estate Developers,https://www.finelib.com/business/real-estate/real-estate-developers
real-estate,urban-and-regional-planning,Urban and Regional Planning,https://www.finelib.com/business/real-estate/urban-and-regional-planning
real-estate,valuers,Valuers,https://www.finelib.com/business/real-estate/valuers
retail-services,barcode-system-suppliers,Barcode System Suppliers,https://www.finelib.com/business/retail-services/barcode-system-suppliers
retail-services,cash-register-suppliers,Cash Register Suppliers,https://www.finelib.com/business/retail-services/cash-register-suppliers
retail-services,contract-packing-services,Contract Packing Services,https://www.finelib.com/business/retail-services/contract-packing-services
retail-services,epos-and-stock-control-systems,EPOS and Stock Control Systems,https://www.finelib.com/business/retail-services/epos-and-stock-control-systems
retail-services,point-of-sale-solution-providers,Point Of Sale Solution Providers,https://www.finelib.com/business/retail-services/point-of-sale-solution-providers
retail-services,stock-clearance-companies,Stock Clearance Companies,https://www.finelib.com/business/retail-services/stock-clearance-companies
security-services,alarm-systems,Alarm Systems,https://www.finelib.com/business/security-services/alarm-systems
security-services,fire-equipment,Fire Equipment,https://www.finelib.com/business/security-services/fire-equipment
security-services,id-cards,ID Cards,https://www.finelib.com/business/security-services/id-cards
security-services,locksmith,Locksmith,https://www.finelib.com/business/security-services/locksmith
security-services,magnetic-sweeping-services,Magnetic Sweeping Services,https://www.finelib.com/business/security-services/magnetic-sweeping-services
security-services,night-patrol,Night Patrol,https://www.finelib.com/business/security-services/night-patrol
security-services,private-investigators,Private Investigators,https://www.finelib.com/business/security-services/private-investigators
security-services,safes-and-locks,Safes and Locks,https://www.finelib.com/business/security-services/safes-and-locks
security-services,safety-equipment,Safety Equipment,https://www.finelib.com/business/security-services/safety-equipment
security-services,security-consultants,Security Consultants,https://www.finelib.com/business/security-services/security-consultants
security-services,security-doors,Security Doors,https://www.finelib.com/business/security-services/security-doors
security-services,security-equipments,Security Equipments,https://www.finelib.com/business/security-services/security-equipments
security-services,security-fences,Security Fences,https://www.finelib.com/business/security-services/security-fences
security-services,security-gates,Security Gates,https://www.finelib.com/business/security-services/security-gates
security-services,security-guards,Security Guards,https://www.finelib.com/business/security-services/security-guards
security-services,security-training-courses,Security Training Courses,https://www.finelib.com/business/security-services/security-training-courses
telecommunication,data-communication,Data Communication,https://www.finelib.com/business/telecommunication/data-communication
telecommunication,data-storage,Data Storage,https://www.finelib.com/business/telecommunication/data-storage
telecommunication,information-technology,Information Technology,https://www.finelib.com/business/telecommunication/information-technology
telecommunication,multimedia,Multimedia,https://www.finelib.com/business/telecommunication/multimedia
telecommunication,phone-services,Phone Services,https://www.finelib.com/business/telecommunication/phone-services
telecommunication,satellite-communications,Satellite Communications,https://www.finelib.com/business/telecommunication/satellite-communications
telecommunication,telecommunication-associations,Telecommunication Associations,https://www.finelib.com/business/telecommunication/telecommunication-associations
telecommunication,telecommunication-engineers,Telecommunication Engineers,https://www.finelib.com/business/telecommunication/telecommunication-engineers
telecommunication,telecommunication-providers,Telecommunication Providers,https://www.finelib.com/business/telecommunication/telecommunication-providers
telecommunication,telecommunication-training,Telecommunication Training,https://www.finelib.com/business/telecommunication/telecommunication-training
telecommunication,telecommunication-industries,Telecommunication industries,https://www.finelib.com/business/telecommunication/telecommunication-industries
telecommunication,ups-equipments,UPS Equipments,https://www.finelib.com/business/telecommunication/ups-equipments
trading,trade-associations,Trade Associations,https://www.finelib.com/business/trading/trade-associations
trading,trade-free-zones,Trade Free Zones,https://www.finelib.com/business/trading/trade-free-zones
trading,wholesale-traders,Wholesale Traders,https://www.finelib.com/business/trading/wholesale-traders
transportation,courier-services,Courier Services,https://www.finelib.com/business/transportation/courier-services
transportation,forwarding-and-clearing,Forwarding and Clearing,https://www.finelib.com/business/transportation/forwarding-and-clearing
transportation,trucking-services,Trucking Services,https://www.finelib.com/business/transportation/trucking-services
